PIXEL_ID;PIXEL_LAT_CENTER;PIXEL_LON_CENTER
1;49.510014917022289;5.4191010793596979
2;49.50946941509774;5.4883328953029293
3;49.508881958502116;5.5575630827983833
4;49.508252548794182;5.6267915213056252
5;49.554969000111242;5.4199096453134494
6;49.55442298091355;5.4892061267346817
7;49.553834967269722;5.5585009751403751
8;49.553204960741951;5.6277940696521425
9;49.552532963003827;5.6970852894099613
10;49.551818975840469;5.7663745135734326
11;49.551063001148485;5.8356616213230463
12;49.600890661440694;5.2819927599538872
13;49.60042819712173;5.3513569392293512
14;49.599923695736813;5.4207197233898929
15;49.599377158627973;5.4900809911848203
16;49.598788587248976;5.5594406213793519
17;49.598157983165315;5.6287984927558812
18;49.597485348054278;5.6981544841152534
19;49.596770683704882;5.7675084742780296
20;49.596013992017781;5.8368603420857612
21;49.595215275005366;5.906209966402252
22;49.645846859954538;5.2826745267374502
23;49.645383956840597;5.3521036218038995
24;49.644878976781492;5.4215313178346012
25;49.64433192112206;5.4909574932382199
26;49.643742791319283;5.5603820264394042
27;49.643111588942062;5.6298047958800641
28;49.642438315671313;5.6992256800206391
29;49.641722973299892;5.7686445573413838
30;49.640965563732671;5.8380613063436364
31;49.640166088986362;5.9074758055510976
32;49.691603947328559;5.1443655849173524
33;49.691224842219221;5.2138621574660231
34;49.690803617877279;5.283357570952961
35;49.690340275426045;5.3528517034166478
36;49.689834816101062;5.422344432909056
37;49.689287241250156;5.491835637496929
38;49.688697552333423;5.5613251952630733
39;49.688065750923229;5.6308129843076316
40;49.68739183870413;5.7002988827493697
41;49.686675817472874;5.7697827687269552
42;49.685917689138442;5.8392645204002429
43;49.685117455721979;5.9087440159515516
44;49.736899302107389;5.0753568022164508
45;49.736561997309636;5.144919580989642
46;49.736182532283031;5.2144813197545226
47;49.735760908040767;5.2840418961939717
48;49.735297125708563;5.3536011880031378
49;49.734791186524674;5.4231590728907184
50;49.734243091839907;5.492715428580258
51;49.73365284311749;5.5622701328114328
52;49.733020441933206;5.6318230633413382
53;49.732345889975299;5.7013740979457816
54;49.731629189044426;5.7709231144205688
55;49.730870341053695;5.8404699905827853
56;49.730069348028685;5.9100146042720914
57;49.782617843738485;4.8669573052581203
58;49.782406824367619;4.9365877682403099
59;49.782153602363749;5.006217556329287
60;49.781858178403851;5.0758465468340601
61;49.781520553277751;5.1454746170720718
62;49.781140727887994;5.2151016443704954
63;49.780718703250002;5.2847275060675258
64;49.78025448049199;5.3543520795136867
65;49.779748060854857;5.4239752420731122
66;49.779199445692321;5.493596871124856
67;49.778608636470871;5.5632168440641774
68;49.777975634769675;5.6328350383038384
69;49.777300442280676;5.7024513312753999
70;49.776583060808449;5.7720656004305138
71;49.775823492270277;5.8416777232422143
72;49.82757792085166;4.8672517135372253
73;49.827366701019308;4.936947597407829
74;49.827113238464342;5.0066428044811397
75;49.826817533865253;5.0763372117200518
76;49.82647958801352;5.1460306960959281
77;49.82609940181375;5.2157231345899122
78;49.825676976283553;5.2854144041942215
79;49.825212312553546;5.3551043819134545
80;49.824705411867384;5.4247929447658905
81;49.824156275581728;5.4944799697847948
82;49.823564905166293;5.564165334019715
83;49.822931302203649;5.6338489145377872
84;49.822255468389436;5.7035305884250302
85;49.821537405532197;5.7732102327876502
86;49.872538450780716;4.8675466755703258
87;49.872327030237955;4.9373081033738355
88;49.872073326833245;5.0070688524688043
89;49.871777341246528;5.0768287994707064
90;49.871439074271031;5.146587821003525
91;49.8710585268133;5.2163457937010689
92;49.870635699893185;5.2861025942082733
93;49.870170594643795;5.3558580991825151
94;49.869663212311458;5.4256121852949137
95;49.869113554255854;5.495364729231647
96;49.868521621949867;5.5651156076952502
97;49.867887416979514;5.6348646974059289
98;49.867210941044164;5.7046118751028638
99;49.866492195956262;5.7743570175455163
100;49.917880327345834;4.4488722587926164
101;49.91749940625602;4.8678421929212199
102;49.917287784753434;4.9376692880495838
103;49.917033840199622;5.0074957025509557
104;49.916737573276045;5.0773213126920798
105;49.916398984777672;5.147145994748251
106;49.91601807561301;5.2169696250046371
107;49.91559484680414;5.2867920797575811
108;49.915129299486679;5.3566132353159279
109;49.914621434909684;5.4264329680023318
110;49.91407125443574;5.4962511541545735
111;49.913478759541;5.5660676701268708
112;49.912843951814949;5.6358823922911947
113;49.912166832960644;5.7056951970385779
114;49.911447404794536;5.7755059607804347
115;49.96224893726891;4.1691991666464796
116;49.962460759981411;4.2390920528404097
117;49.962630218834363;4.3089854974964501
118;49.96275731337245;4.3788793765180793
119;49.962842043254234;4.4487735658041476
120;49.96288440825203;4.5186679412502029
121;49.96288440825203;4.5885623787498062
122;49.962630218834363;4.798244822503559
123;49.962460759981411;4.8681382671595994
124;49.96224893726891;4.9380311533535295
125;49.961994751265962;5.0079233569947803
126;49.961698202655498;5.0778147540000491
127;49.961359292234199;5.1477052202946298
128;49.960978020912627;5.2175946318137285
129;49.960554389715071;5.2874828645037875
130;49.960088399779558;5.3573697943238034
131;49.95958005235795;5.4272552972466519
132;49.959029348815832;5.4971392492604023
133;49.95843629063252;5.5670215263696425
134;49.957800879401056;5.636902004596795
135;49.957123116828157;5.7067805599834358
136;49.956403004734263;5.7766570685916143
137;49.95564054505347;5.8465314065051688
138;50.007210460461096;4.1688366187886405
139;50.00742248463412;4.2387954201389295
140;50.007592104656979;4.3087547815328877
141;50.007719320073399;4.3787145785225654
142;50.007804130541125;4.4486746866553624
143;50.007846535832016;4.5186349814753619
144;50.007846535832016;4.5885953385246481
145;50.007804130541125;4.6585556333446467
146;50.007592104656979;4.7984755384671214
147;50.00742248463412;4.8684348998610796
148;50.007210460461096;4.9383937012113686
149;50.006956032708281;5.0083518180760169
150;50.006659202060071;5.0783091260203594
151;50.006319969314923;5.1482655006183622
152;50.005938335385331;5.2182208174539531
153;50.005514301297907;5.2881749521223487
154;50.005047868193138;5.3581277802313805
155;50.004539037325621;5.4280791774028216
156;50.003987810063926;5.4980290192737149
157;50.003394187890635;5.5679771814976959
158;50.002758172402253;5.6379235397463203
159;50.002079765309233;5.7078679697103878
160;50.001358968436044;5.7778103471012692
161;50.000595783720968;5.8477505476522254
162;50.052172326980106;4.1684733864439441
163;50.052384552864858;4.2384982273927845
164;50.052554334258573;4.3085236299728304
165;50.052681670704033;4.3785494693833771
166;50.052766561858199;4.448575620819045
167;50.052809007492449;4.5186019594711206
168;50.052809007492449;4.5886283605288885
169;50.052766561858199;4.6586546991809641
170;50.052681670704033;4.728680850616632
171;50.052554334258573;4.7987066900271786
172;50.052384552864858;4.8687320926072246
173;50.052172326980106;4.938756933556065
174;50.051917657175942;5.0087810880790009
175;50.051620544138309;5.0788044313886704
176;50.051280988667394;5.1488268387063876
177;50.050898991677741;5.2188481852634752
178;50.050474554198075;5.2888683463025972
179;50.050007677371525;5.3588871970790919
180;50.049498362455417;5.428904612862306
181;50.048946610821247;5.4989204689369267
182;50.048352423954903;5.5689346406043123
183;50.04771580345637;5.6389470031838282
184;50.047036751039897;5.7089574320141754
185;50.046315268533874;5.7789658024547172
186;50.045551357880882;5.8489719898868184
187;50.097134509449418;4.1681094676721173
188;50.097346937297687;4.2382004730144329
189;50.097516880263761;4.3082920415814963
190;50.097644337889342;4.3783840482185106
191;50.097729309830669;4.4484763677659851
192;50.097771795858627;4.518568875061078
193;50.097771795858627;4.588661444938932
194;50.097729309830669;4.658753952234024
195;50.097644337889342;4.7288462717814985
196;50.097346937297687;4.8690298469855762
197;50.097134509449418;4.9391208523278918
198;50.096879597291824;5.0092111692966963
199;50.09658220151227;5.0793006727506
200;50.096242322912772;5.1493892375569335
201;50.095859962409818;5.2194767385930767
202;50.095435121034484;5.289563050747808
203;50.094967799932334;5.359648048922641
204;50.094458000363453;5.4297316080331619
205;50.093905723702427;5.4998136030103719
206;50.093310971438314;5.5698939088020207
207;50.09267374517465;5.6399724003739529
208;50.091994046629438;5.7100489527114329
209;50.091271877635087;5.7801234408204953
210;50.090507240138429;5.8501957397292728
211;50.089700136200712;5.9202657244893349
212;50.141841825652136;4.0975882559692671
213;50.142096980466057;4.1677448605255512
214;50.142309610530248;4.2379021554103264
215;50.142479715270582;4.3080600151194277
216;50.14260729422768;4.3782183141426252
217;50.142692347057157;4.4483769269649729
218;50.142734873529328;4.5185357280681595
219;50.142734873529328;4.5886945919318496
220;50.142692347057157;4.6588533930350362
221;50.14260729422768;4.7290120058573848
222;50.142479715270582;4.7991703048805823
223;50.142309610530248;4.8693281645896827
224;50.142096980466057;4.9394854594744579
225;50.141841825652136;5.009642064030742
226;50.141544146777363;5.0797978527617786
227;50.14120394464549;5.1499527001795675
228;50.140821220175042;5.2201064808062112
229;50.140395974399361;5.2902590691752636
230;50.139928208466515;5.3604103398330709
231;50.139417923639357;5.430560167340122
232;50.138865121295495;5.5007084262723929
233;50.138269802927248;5.5708549912226868
234;50.137631970141705;5.6409997368019864
235;50.136951624660625;5.711142537640792
236;50.136228768320443;5.7812832683904638
237;50.135463403072265;5.8514218037245707
238;50.134655530981867;5.9215580183402281
239;50.13380515422962;5.9916917869594402
240;50.132912275110527;6.0618229843304405
241;50.131976896034146;6.131951485229032
242;50.187059712600458;4.1673795630492592
243;50.187272545133546;4.2376032729808859
244;50.187442811850495;4.3078275493424778
245;50.187570512290968;4.3780522662670265
246;50.187655646109761;4.448277297882786
247;50.187698213076693;4.5185025183146248
248;50.187698213076693;4.5887278016853843
249;50.187655646109761;4.6589530221172231
250;50.187570512290968;4.7291780537329826
251;50.187442811850495;4.7994027706575322
252;50.187272545133546;4.8696270470191232
253;50.187059712600458;4.9398507569507499
254;50.186804314826638;5.0100737745914961
255;50.186506352502484;5.080295974087889
256;50.18616582643353;5.1505172295952546
257;50.185782737540322;5.2207374152790713
258;50.185357086858424;5.2909564053163196
259;50.184888875538462;5.3611740738968381
260;50.184378104846083;5.4313902952246682
261;50.183824776161892;5.5016049435194185
262;50.183228890981532;5.5718178930176014
263;50.182590450915576;5.6420290179739938
264;50.181909457689606;5.7122381926629844
265;50.181185913144056;5.782445291379922
266;50.180419819234359;5.8526501884424675
267;50.179611178030832;5.9228527581919392
268;50.178759991718643;5.9930528749946639
269;50.177866262597782;6.0632504132433214
270;50.176929993083192;6.133445247358293
271;50.175951185704477;6.2036372517890062
272;50.232022678396547;4.167013573280844
273;50.232235713652081;4.2373038241204641
274;50.232406142548491;4.3075946430017806
275;50.232533964624473;4.3778859036996529
276;50.232619179534019;4.4481774799841798
277;50.232661787046467;4.5184692456220592
278;50.232661787046467;4.5887610743779499
279;50.232619179534019;4.6590528400158293
280;50.232533964624473;4.7293444163003562
281;50.232406142548491;4.7996356769982293
282;50.232235713652081;4.869926495879545
283;50.232022678396547;4.9402167467191651
284;50.231767037358559;5.0105063032980688
285;50.231468791230057;5.0807950394047161
286;50.23112794081834;5.1510828288364072
287;50.230744487045968;5.2213695454006412
288;50.230318430950824;5.291655062916476
289;50.229849773686048;5.3619392552158835
290;50.229338516520052;5.4322219961451159
291;50.228784660836524;5.5025031595660545
292;50.22818820813437;5.5727826193575742
293;50.227549160027706;5.6430602494168962
294;50.226867518245896;5.7133359236609476
295;50.22614328463348;5.7836095160277159
296;50.225376461150169;5.8538809004776047
297;50.224567049870792;5.9241499509947895
298;50.223715052985384;5.9944165415885715
299;50.222820472798979;6.0646805462947295
300;50.221883311731837;6.1349418391768769
301;50.220903572319102;6.2052002943278088
302;50.276729965764531;4.0962906675216377
303;50.276985850371666;4.1666468892504662
304;50.277199088603837;4.2370038072173264
305;50.277369679883087;4.3073612948437345
306;50.277497623747081;4.3777192255450581
307;50.277582919849067;4.4480774727318808
308;50.277625567957834;4.5184359098113687
309;50.277625567957834;4.5887944101886404
310;50.277582919849067;4.6591528472681292
311;50.277497623747081;4.7295110944549519
312;50.277369679883087;4.7998690251562746
313;50.277199088603837;4.8702265127826827
314;50.276985850371666;4.9405834307495429
315;50.276729965764531;5.0109396524783714
316;50.276431435475857;5.0812950513982011
317;50.276090260314774;5.1516495009469443
318;50.275706441205827;5.2220028745727651
319;50.275279979189214;5.2923550457354356
320;50.274810875420592;5.362705887907711
321;50.27429913117119;5.433055274576688
322;50.273744747827742;5.5034030792451683
323;50.273147726892446;5.5737491754330284
324;50.27250806998299;5.6440934366785793
325;50.271825778832522;5.7144357365399303
326;50.271100855289703;5.7847759485963515
327;50.270333301318473;5.8551139464496345
328;50.269523118998315;5.9254496037254567
329;50.26867031052403;5.9957827940747412
330;50.267774878205806;6.0661133911750129
331;50.266836824469124;6.1364412687317644
332;50.265856151854798;6.2067663004798099
333;50.26483286301896;6.277088360184643
334;50.31925992128285;3.6733401849884086
335;50.319772153226872;3.7437563438945527
336;50.320668572507216;3.8845929137898092
337;50.321052757411223;3.9550130710176683
338;50.321394257729267;4.025434307235531
339;50.321693072534742;4.095856495530855
340;50.32194920101675;4.1662795089808045
341;50.322162642480286;4.2367032206536157
342;50.322333396346181;4.3071275036099763
343;50.322461462151068;4.3775522309043957
344;50.322546839547371;4.4479772755865739
345;50.322589528303446;4.5184025107027814
346;50.322589528303446;4.5888278092972277
347;50.322546839547371;4.6592530444134352
348;50.322461462151068;4.7296780890956143
349;50.322333396346181;4.8001028163900328
350;50.322162642480286;4.8705270993463943
351;50.32194920101675;4.9409508110192055
352;50.321693072534742;5.0113738244691541
353;50.321394257729267;5.0817960127644781
354;50.321052757411223;5.1522172489823408
355;50.320668572507216;5.2226374062102003
356;50.320241704059683;5.293056357547183
357;50.319772153226872;5.3634739761054568
358;50.31925992128285;5.4338901350116
359;50.318705009617332;5.5043047074079743
360;50.318107419735888;5.5747175664540913
361;50.317467153259742;5.6451285853279893
362;50.316784211925913;5.7155376372275972
363;50.316058597587052;5.7859445953721051
364;50.315290312211545;5.8563493330033323
365;50.314479357883364;5.9267517233870972
366;50.313625736802194;5.9971516398145832
367;50.31272945128331;6.0675489556037041
368;50.311790503757528;6.137943544100473
369;50.310808896771277;6.2083352786803614
370;50.309784632986549;6.2787240327496718
371;50.308717715180791;6.349109679746892
372;50.307608146246928;6.4194920931440658
373;50.3642208593118;3.6725037380408683
374;50.364733579563179;3.7429867960420466
375;50.365203578021806;3.8134713178599684
376;50.365630853410856;3.8839571762593246
377;50.366015404569524;3.9544442439903245
378;50.36635723045309;4.0249323937900749
379;50.366656330132855;4.0954214983839607
380;50.366912702796149;4.1659114304870206
381;50.367126347746463;4.2364020628053254
382;50.367297264403298;4.3068932680373599
383;50.36742545230225;4.3773849188754008
384;50.367510911095053;4.4478768880068946
385;50.367553640549531;4.5183690481158418
386;50.367553640549531;4.5888612718841681
387;50.367510911095053;4.6593534319931145
388;50.36742545230225;4.7298454011246092
389;50.367297264403298;4.80033705196265
390;50.367126347746463;4.8708282571946846
391;50.366912702796149;4.9413188895129894
392;50.366656330132855;5.0118088216160483
393;50.36635723045309;5.0822979262099341
394;50.366015404569524;5.1527860760096846
395;50.365630853410856;5.223273143740685
396;50.365203578021806;5.2937590021400407
397;50.364733579563179;5.3642435239579624
398;50.3642208593118;5.4347265819591417
399;50.363665418660545;5.505208048924124
400;50.363067259118253;5.5756877976506898
401;50.362426382309771;5.6461657009552342
402;50.361742789975906;5.7166416316741362
403;50.361016483973394;5.7871154626651373
404;50.360247466274998;5.8575870668087191
405;50.35943573896931;5.9280563170094709
406;50.358581304260824;5.9985230861974728
407;50.357684164469944;6.0689872473296598
408;50.356744322032839;6.1394486733911977
409;50.35576177950162;6.209907237396858
410;50.354736539544078;6.2803628123923811
411;50.353668604943785;6.3508152714558523
412;50.352557978600117;6.4212644876990712
413;50.409181917688407;3.6716657000542576
414;50.409695126861216;3.7422157843701536
415;50.41016557350865;3.812767336683264
416;50.410593256351049;3.8833202293950126
417;50.410978174225079;3.9538743348922751
418;50.41132032608364;4.0244295255487597
419;50.411619710996014;4.0949856737263985
420;50.411876328147756;4.1655426517767262
421;50.412090176840785;4.2361003320422697
422;50.412261256493345;4.3066585868579308
423;50.412389566639987;4.3772172885523766
424;50.41247510693168;4.4477763094494192
425;50.412517877135706;4.518335521869405
426;50.412517877135706;4.5888947981306041
427;50.41247510693168;4.6594540105505899
428;50.412389566639987;4.7300130314476325
429;50.412261256493345;4.8005717331420783
430;50.412090176840785;4.8711299879577394
431;50.411876328147756;4.9416876682232829
432;50.411619710996014;5.0122446462736105
433;50.41132032608364;5.0828007944512494
434;50.410978174225079;5.1533559851077344
435;50.410593256351049;5.2239100906049964
436;50.41016557350865;5.2944629833167447
437;50.409695126861216;5.3650145356298564
438;50.409181917688407;5.4355646199457528
439;50.408625947386149;5.5061131086817898
440;50.408027217466611;5.5766598742726421
441;50.407385729558293;5.6472047891716821
442;50.406701485405776;5.7177477258523641
443;50.405974486870001;5.7882885568096096
444;50.405204735928002;5.8588271545611814
445;50.404392234672983;5.9293633916490727
446;50.403536985314346;5.9998971406408828
447;50.402638990177607;6.0704282741311957
448;50.401698251704381;6.1409566647429639
449;50.400714772452304;6.2114821851288813
450;50.399688555095118;6.282004707972761
451;50.398619602422585;6.3525241059909145
452;50.453586568196322;3.600210428412252
453;50.4541430688164;3.6708260664849024
454;50.454656767526217;3.7414433046983899
455;50.455127662926785;3.8120620151054965
456;50.455555753735609;3.882682069742994
457;50.455941038786733;3.9533033406330396
458;50.456283517030769;4.0239256997845594
459;50.456583187534932;4.0945490191946456
460;50.456840049483006;4.1651731708499469
461;50.457054102175341;4.2357980267280571
462;50.457225345028874;4.3064234587989114
463;50.457353777577154;4.3770493390261782
464;50.45743939947036;4.4476755393686522
465;50.457482210475277;4.5183019317816413
466;50.457482210475277;4.5889283882183678
467;50.45743939947036;4.6595547806313569
468;50.457353777577154;4.7301809809738309
469;50.457225345028874;4.8008068612010986
470;50.457054102175341;4.8714322932719529
471;50.456840049483006;4.9420571491500631
472;50.456583187534932;5.0126813008053634
473;50.456283517030769;5.0833046202154497
474;50.455941038786733;5.15392697936697
475;50.455555753735609;5.2245482502570146
476;50.455127662926785;5.2951683048945135
477;50.454656767526217;5.3657870153016196
478;50.4541430688164;5.4364042535151071
479;50.453586568196322;5.507019891587758
480;50.452987267181499;5.5776338015897533
481;50.452345167404019;5.6482458556100639
482;50.451660270612372;5.7188559257578389
483;50.450932578671583;5.7894638841637915
484;50.450162093563037;5.860069602981592
485;50.449348817384625;5.9306729543892542
486;50.448492752350603;6.0012738105905159
487;50.447593900791652;6.071872043816235
488;50.446652265154711;6.1424675263257686
489;50.445667848003161;6.2130601304083566
490;50.444640652016652;6.2836497283845114
491;50.443570679991076;6.3542361926073943
492;50.495890731746321;3.3165888688898266
493;50.496619117965935;3.3872640825910487
494;50.497304668219158;3.4579414140754317
495;50.497947380636916;3.5286207351080967
496;50.498547253466768;3.5993019174324972
497;50.499104285073102;3.6699848327718119
498;50.499618473936977;3.7406693528303396
499;50.500089818656313;3.8113553492948999
500;50.500518317945776;3.8820426938362242
501;50.500903970636863;3.9527312581103562
502;50.501246775677828;4.0234209137600514
503;50.501546732133839;4.0941115324161697
504;50.501803839186856;4.1648029856990796
505;50.502018096135629;4.235495145220054
506;50.502189502395879;4.306187882582666
507;50.502318057500119;4.3768810693841953
508;50.502403761097725;4.4475745772170203
509;50.502446612954991;4.5182682776700229
510;50.502446612954991;4.5889620423299862
511;50.502403761097725;4.6596557427829888
512;50.502318057500119;4.7303492506158138
513;50.502189502395879;4.801042437417343
514;50.502018096135629;4.871735174779956
515;50.501803839186856;4.9424273343009295
516;50.501546732133839;5.0131187875838394
517;50.501246775677828;5.0838094062399577
518;50.500903970636863;5.1544990618896529
519;50.500518317945776;5.2251876261637857
520;50.500089818656313;5.2958749707051096
521;50.499618473936977;5.3665609671696695
522;50.499104285073102;5.4372454872281981
523;50.498547253466768;5.5079284025675124
524;50.497947380636916;5.5786095848919128
525;50.497304668219158;5.6492889059245774
526;50.496619117965935;5.7199662374089604
527;50.495890731746321;5.7906414511101829
528;50.495119511546143;5.8613144188164314
529;50.494305459467931;5.9319850123403528
530;50.493448577730874;6.0026531035204416
531;50.492548868670738;6.0733185642224417
532;50.491606334739949;6.1439812663407292
533;50.490620978507543;6.2146410817997095
534;50.489592802659061;6.2852978825552066
535;50.488521809996641;6.3559515405958509
536;50.540076962216801;3.2446687111621015
537;50.540848918435884;3.3154090559443858
538;50.541577999810151;3.3861516531529232
539;50.542264204349401;3.4568963742090237
540;50.542907530180351;3.5276430905108227
541;50.543507975546738;3.5983916734346821
542;50.544065538809299;3.6691419943365924
543;50.544580218445745;3.7398939245535767
544;50.545052013050849;3.8106473354050912
545;50.545480921336441;3.8814020981944299
546;50.545866942131411;3.9521580842101285
547;50.546210074381733;4.0229151647273707
548;50.546510317150435;4.0936732110093876
549;50.546767669617722;4.164432094308868
550;50.546982131080767;4.2351916858693626
551;50.547153700953999;4.3059518569266881
552;50.547282378768848;4.3767124787103322
553;50.547368164173982;4.4474734224448618
554;50.547411056935111;4.5182345593513311
555;50.547411056935111;4.5889957606486789
556;50.547368164173982;4.6597568975551473
557;50.547282378768848;4.7305178412896778
558;50.547153700953999;4.801278463073321
559;50.546982131080767;4.8720386341306465
560;50.546767669617722;4.9427982256911411
561;50.546510317150435;5.0135571089906223
562;50.546210074381733;5.0843151552726393
563;50.545866942131411;5.1550722357898806
564;50.545480921336441;5.2258282218055792
565;50.545052013050849;5.2965829845949175
566;50.544580218445745;5.3673363954464319
567;50.544065538809299;5.4380883256634167
568;50.543507975546738;5.5088386465653274
569;50.542907530180351;5.5795872294891868
570;50.542264204349401;5.6503339457909858
571;50.541577999810151;5.7210786668470863
572;50.540848918435884;5.7918212640556241
573;50.540076962216801;5.8625616088379076
574;50.539262133260095;5.9332995726398234
575;50.538404433789836;6.0040350269332308
576;50.537503866147034;6.0747678432173648
577;50.53656043278955;6.1454978930202326
578;50.535574136292055;6.2162250479000134
579;50.585034417887933;3.2434191401559276
580;50.585807111055395;3.3142269905685953
581;50.586536888462277;3.3850370998633719
582;50.587223748113907;3.4558493390932887
583;50.587867688132874;3.5266635792880932
584;50.588468706758974;3.5974796914556539
585;50.589026802349316;3.6682975465833731
586;50.589541973378275;3.7391170156395908
587;50.590014218437481;3.8099379695749991
588;50.590443536235902;3.8807602793240501
589;50.590829925599834;3.9515838158063672
590;50.591173385472885;4.0224084499281565
591;50.591473914916051;4.0932340525836173
592;50.591731513107675;4.1640604946563533
593;50.591946179343381;4.2348876470207877
594;50.59211791303629;4.3057153805435693
595;50.592246713716833;4.3765435660849956
596;50.592332581032885;4.4473720745004144
597;50.592375514749577;4.5182007766416401
598;50.592375514749577;4.5890295433583699
599;50.592332581032885;4.6598582454995956
600;50.592246713716833;4.7306867539150135
601;50.59211791303629;4.8015149394564398
602;50.591946179343381;4.8723426729792223
603;50.591731513107675;4.9431698253436567
604;50.591473914916051;5.0139962674163927
605;50.591173385472885;5.0848218700718526
606;50.590829925599834;5.1556465041936423
607;50.590443536235902;5.2264700406759594
608;50.590014218437481;5.2972923504250113
609;50.589541973378275;5.3681133043604188
610;50.589026802349316;5.4389327734166368
611;50.588468706758974;5.5097506285443556
612;50.587867688132874;5.5805667407119168
613;50.587223748113907;5.6513809809067208
614;50.586536888462277;5.7221932201366377
615;50.585807111055395;5.7930033294314143
616;50.585034417887933;5.863811179844082
617;50.584218811071693;5.9346166424523652
618;50.583360292835721;6.0054195883600885
619;50.582458865526213;6.0762198886985823
620;50.581514531606452;6.1470174146280838
621;50.580527293656878;6.2178120373391508
622;50.629991850845983;3.2421671813410193
623;50.630765281893531;3.3130426663065808
624;50.63149575621302;3.3839204166347985
625;50.632183271805353;3.4548003030090202
626;50.63282782678894;3.5256821960891958
627;50.633429419399675;3.5965659665132925
628;50.633988047991032;3.667451484898713
629;50.634503711033915;3.7383386218437065
630;50.634976407116916;3.8092272479287921
631;50.635406134946081;3.8801172337181677
632;50.635792893345126;3.9510084497611326
633;50.636136681255316;4.0219007665935056
634;50.63643749773555;4.0927940547390413
635;50.636695341962287;4.1636881847108462
636;50.636910213229704;4.2345830270128024
637;50.637082110949521;4.305478452140985
638;50.637211034651173;4.3763743305850795
639;50.637296983981685;4.4472705328298048
640;50.637339958705759;4.518166929356326
641;50.637339958705759;4.5890633906436831
642;50.637296983981685;4.6599597871702052
643;50.637211034651173;4.7308559894149296
644;50.637082110949521;4.8017518678590241
645;50.636910213229704;4.8726472929872067
646;50.636695341962287;4.9435421352891629
647;50.63643749773555;5.0144362652609686
648;50.636136681255316;5.0853295534065035
649;50.635792893345126;5.156221870238876
650;50.635406134946081;5.2271130862818422
651;50.634976407116916;5.298003072071217
652;50.634503711033915;5.3688916981563022
653;50.633988047991032;5.439778835101297
654;50.633429419399675;5.5106643534867175
655;50.63282782678894;5.5815481239108138
656;50.632183271805353;5.6524300169909889
657;50.63149575621302;5.7233099033652106
658;50.630765281893531;5.7941876536934291
659;50.629991850845983;5.8650631386589902
660;50.629175465186862;5.9359362289700517
661;50.628316127150171;6.0068067953609967
662;50.627413839087303;6.0776747085938423
663;50.626468603467053;6.1485398394596578
664;50.625480422875526;6.2194020587799708
665;50.624449300016245;6.2902612374081794
666;50.670433496195017;2.8862351990815691
667;50.674949233350866;3.2409128278672417
668;50.675723403212416;3.3118560766777749
669;50.676454575326645;3.3828015973563228
670;50.677142747689985;3.4537492602151345
671;50.677787918416669;3.5246989355429483
672;50.67839008573867;3.5956504936064153
673;50.678949248005779;3.6666038046515221
674;50.679465403685541;3.7375587389050127
675;50.679938551363364;3.8085151665758108
676;50.680368689742451;3.8794729578564473
677;50.680755817643877;3.9504319829244801
678;50.681099934006568;4.0213921119439204
679;50.681401037887298;4.0923532150666571
680;50.681659128460744;4.1633151624338849
681;50.681874205019454;4.2342778241775267
682;50.682046266973906;4.3052410704216593
683;50.682175313852454;4.3762047712839429
684;50.682261345301335;4.4471687968770421
685;50.682304361084711;4.5181330173100589
686;50.682304361084711;4.5890973026899511
687;50.682261345301335;4.660061523122967
688;50.682175313852454;4.7310255487160671
689;50.682046266973906;4.8019892495783498
690;50.681874205019454;4.8729524958224832
691;50.681659128460744;4.9439151575661242
692;50.681401037887298;5.014877104933352
693;50.681099934006568;5.0858382080560895
694;50.680755817643877;5.1567983370755295
695;50.680368689742451;5.2277573621435618
696;50.679938551363364;5.2987151534241983
697;50.679465403685541;5.3696715810949973
698;50.678949248005779;5.4406265153484865
699;50.67839008573867;5.5115798263935938
700;50.677787918416669;5.5825313844570603
701;50.677142747689985;5.653481059784875
702;50.676454575326645;5.7244287226436859
703;50.675723403212416;5.7953742433222351
704;50.674949233350866;5.866317492132767
705;50.674132067863148;5.9372583394124607
706;50.673271908988262;6.0081966555248441
707;50.672368759082836;6.0791323108612101
708;50.671422620621129;6.1500651758420455
709;50.714353392085741;2.8136443453505877
710;50.715386485835786;2.8846390875161982
711;50.716376555291994;2.9556368878657984
712;50.719088591331662;3.1686473389731979
713;50.719906537635985;3.2396560728582333
714;50.720681447247713;3.3106672151767969
715;50.721413318040902;3.3816806358936651
716;50.722102148007536;3.4526962049485657
717;50.722747935257622;3.5237137922576038
718;50.723350678019266;3.5947332677146919
719;50.723910374638521;3.6657545011929784
720;50.724427023579565;3.7367773625462775
721;50.724900623424602;3.8078017216104976
722;50.725331172874;3.8788274482050742
723;50.725718670746197;3.9498544121343993
724;50.726063115977738;4.0208824831892533
725;50.726364507623323;4.091911531148237
726;50.726622844855754;4.1629414257792039
727;50.726838126966051;4.2339720368406901
728;50.727010353363326;4.3050032340833528
729;50.727139523574905;4.3760348872513948
730;50.727225637246235;4.4470668660840076
731;50.72726869414101;4.5180990403167955
732;50.72726869414101;4.5891312796832144
733;50.727225637246235;4.6601634539160024
734;50.727139523574905;4.7311954327486143
735;50.727010353363326;4.8022270859166571
736;50.726838126966051;4.873258283159319
737;50.726622844855754;4.9442888942208061
738;50.726364507623323;5.0153187888517721
739;50.726063115977738;5.0863478368107558
740;50.725718670746197;5.1573759078656103
741;50.725331172874;5.2284028717949349
742;50.724900623424602;5.299428598389512
743;50.724427023579565;5.3704529574537325
744;50.723910374638521;5.4414758188070316
745;50.723350678019266;5.5124970522853181
746;50.722747935257622;5.5835165277424057
747;50.722102148007536;5.6545341150514439
748;50.721413318040902;5.725549684106344
749;50.720681447247713;5.7965631048232131
750;50.719906537635985;5.8675742471417758
751;50.719088591331662;5.9385829810268111
752;50.718227610578651;6.0095891764695715
753;50.71732359773884;6.0805927034892102
754;50.716376555291994;6.1515934321342112
755;50.758228139307874;2.7409176779066864
756;50.759305282922348;2.8119771992298612
757;50.760339363991754;2.8830399177612387
758;50.761330379676416;2.9541057032728681
759;50.762278327254798;3.0251744255030366
760;50.763183204123408;3.0962459541577023
761;50.764045007796952;3.1673201589119224
762;50.764863735908335;3.2383969094112839
763;50.765639386208605;3.3094760752733405
764;50.766371956567063;3.3805575260890386
765;50.767061444971233;3.4516411314241604
766;50.767707849526957;3.5227267608207478
767;50.768311168458318;3.5938142837985469
768;50.768871400107734;3.6649035698564383
769;50.769388542935943;3.7359944884738749
770;50.769862595522007;3.8070869091123201
771;50.770293556563367;3.8781807012166838
772;50.770681424875818;3.9492757342167595
773;50.77102619939356;4.0203718775286665
774;50.771327879169185;4.0914690005562822
775;50.771586463373644;4.1625669726926882
776;50.771801951296396;4.2336656633216032
777;50.771974342345203;4.3047649418188279
778;50.772103636046353;4.3758646775536798
779;50.772189832044504;4.4469647398904399
780;50.772232930102831;4.5180649981897822
781;50.772232930102831;4.5891653218102268
782;50.772189832044504;4.66026558010957
783;50.772103636046353;4.7313656424463293
784;50.771974342345203;4.8024653781811821
785;50.771801951296396;4.8735646566784068
786;50.771586463373644;4.9446633473073218
787;50.771327879169185;5.0157613194437269
788;50.77102619939356;5.0868584424713434
789;50.770681424875818;5.1579545857832496
790;50.770293556563367;5.2290496187833257
791;50.769862595522007;5.3001434108876886
792;50.769388542935943;5.3712358315261346
793;50.768871400107734;5.4423267501435708
794;50.768311168458318;5.5134160362014626
795;50.767707849526957;5.5845035591792609
796;50.767061444971233;5.6555891885758491
797;50.766371956567063;5.7266727939109705
798;50.765639386208605;5.7977542447266694
799;50.764863735908335;5.8688334105887252
800;50.764045007796952;5.939910161088088
801;50.763183204123408;6.0109843658423072
802;50.8008932141476;2.5969341412259133
803;50.802057585823455;2.6680549554492354
804;50.803178859864531;2.7391792371823507
805;50.804257033188257;2.8103068558950666
806;50.805292102830286;2.8814376810204005
807;50.806284065944638;2.9525715819560094
808;50.807232919803681;3.0237084280656261
809;50.808138661798125;3.0948480886805005
810;50.809001289437155;3.1659904331008306
811;50.809820800348341;3.2371353305972059
812;50.810597192277747;3.3082826504120453
813;50.811330463089945;3.3794322617610346
814;50.812020610767938;3.4505840338345717
815;50.812667633413348;3.521737835799204
816;50.813271529246286;3.5928935367990724
817;50.813832296605483;3.6640510059573539
818;50.814349933948243;3.7352101123777053
819;50.814824439850469;3.8063707251457055
820;50.815255813006679;3.877532713330301
821;50.81564405223002;3.94869594598525
822;50.815989156452339;4.0198602921505691
823;50.81629112472406;4.0910256208539781
824;50.816549956214367;4.1621918011123427
825;50.816765650211046;4.2333587019331267
826;50.816938206120604;4.3045261923158344
827;50.817067623468233;4.3756941412534589
828;50.817153901897811;4.4468624177339269
829;50.81719704117198;4.5180308907415485
830;50.81719704117198;4.5891994292584615
831;50.817153901897811;4.6603679022660822
832;50.817067623468233;4.7315361787465502
833;50.816938206120604;4.8027041276841747
834;50.816765650211046;4.8738716180668824
835;50.816549956214367;4.9450385188876673
836;50.81629112472406;5.0162046991460318
837;50.815989156452339;5.08737002784944
838;50.81564405223002;5.15853437401476
839;50.815255813006679;5.229697606669709
840;50.814824439850469;5.3008595948543036
841;50.814349933948243;5.3720202076223034
842;50.813832296605483;5.4431793140426548
843;50.813271529246286;5.514336783200938
844;50.812667633413348;5.5854924842008051
845;50.812020610767938;5.6566462861654374
846;50.811330463089945;5.7277980582389745
847;50.845841579387866;2.5950559368240889
848;50.84700706443887;2.6662449593978321
849;50.84812941067986;2.737437459472281
850;50.849208615021276;2.8086333061417621
851;50.850244674492259;2.8798323684636351
852;50.851237586240394;2.9510345154597282
853;50.852187347531974;3.0222396161177847
854;50.85309395575193;3.0934475393929075
855;50.853957408403822;3.1646581542089991
856;50.85477770311001;3.2358713294602097
857;50.855554837611436;3.3070869340123847
858;50.856288809767918;3.3783048367045083
859;50.856979617558004;3.4495249063501534
860;50.857627259079024;3.5207470117389295
861;50.858231732547154;3.591971021637931
862;50.858793036297406;3.6631968047931873
863;50.859311168783627;3.7344242299311148
864;50.859786128578513;3.8056531657599635
865;50.860217914373706;3.8768834809712733
866;50.860606524979708;3.9481150442413213
867;50.860951959325938;4.019347724232575
868;50.861254216460729;4.0905813895951493
869;50.861513295551411;4.1618159089682516
870;50.861729195884138;4.2330511509816411
871;50.861901916864149;4.3042869842570814
872;50.862031458015529;4.3755232774097914
873;50.862117818981424;4.4467598990498995
874;50.862160999523844;4.5179967177839009
875;50.862160999523844;4.5892336022161091
876;50.862117818981424;4.6604704209501104
877;50.862031458015529;4.7317070425902186
878;50.861901916864149;4.8029433357429285
879;50.861729195884138;4.874179169018368
880;50.861513295551411;4.9454144110317575
881;50.861254216460729;5.0166489304048607
882;50.860951959325938;5.0878825957674341
883;50.860606524979708;5.1591152757586887
884;50.860217914373706;5.2303468390287362
885;50.859786128578513;5.3015771542400456
886;50.859311168783627;5.3728060900688952
887;50.858793036297406;5.4440335152068222
888;50.858231732547154;5.5152592983620785
889;50.857627259079024;5.5864833082610801
890;50.856979617558004;5.6577054136498566
891;50.89078974421502;2.5931741240476573
892;50.891956344057334;2.664431485839323
893;50.89307976386204;2.735692335161017
894;50.894160000532786;2.8069565407301456
895;50.895197051091976;2.8782239712269675
896;50.896190912680893;2.949494495296042
897;50.897141582559662;3.0207679815476784
898;50.898049058107418;3.092044298559387
899;50.898913336822154;3.1633233148773301
900;50.899734416320825;3.2346048990177736
901;50.9005122943394;3.3058889194685408
902;50.90124696873292;3.3771752446904668
903;50.901938437475366;3.4484637431188521
904;50.902586698659839;3.5197542831649189
905;50.903191750498529;3.5910467332172642
906;50.90375359132269;3.662340961643324
907;50.904272219582758;3.7336368367908177
908;50.904747633848245;3.8049342269892192
909;50.905179832807818;3.8762330005512071
910;50.905568815269362;3.9475330257741255
911;50.905914580159852;4.0188341709414441
912;50.906217126525561;4.0901363043242167
913;50.906476453531909;4.1614392941825402
914;50.906692560463469;4.2327430087670157
915;50.906865446724105;4.3040473163202106
916;50.906995111836942;4.3753520850781182
917;50.907081555444208;4.446657183271614
918;50.907124777307452;4.5179624791279256
919;50.907124777307452;4.5892678408720844
920;50.907081555444208;4.6605731367283951
921;50.906995111836942;4.7318782349218917
922;50.906865446724105;4.8031830036797984
923;50.906692560463469;4.8744873112329934
924;50.906476453531909;4.9457910258174698
925;50.906217126525561;5.0170940156757924
926;50.905914580159852;5.088396149058565
927;50.905568815269362;5.1596972942258841
928;50.905179832807818;5.2309973194488029
929;50.904747633848245;5.3022960930107912
930;50.904272219582758;5.3735934832091923
931;50.90375359132269;5.4448893583566864
932;50.903191750498529;5.5161835867827449
933;50.902586698659839;5.5874760368350911
934;50.901938437475366;5.6587665768811579
935;50.90124696873292;5.7300550753095427
936;50.935737680704094;2.591288692490525
937;50.93690539675719;2.662614524744352
938;50.938029891492789;2.7339438545961263
939;50.939111161807595;2.8052765503848844
940;50.940149204717308;2.8766124804123381
941;50.941144017356876;2.9479515129443272
942;50.942095596980295;3.0192935162122749
943;50.943003940960793;3.0906383584146497
944;50.943869046790788;3.16198590771842
945;50.944690912081896;3.2333360322605142
946;50.945469534565042;3.3046886001492815
947;50.94620491209043;3.376043479465952
948;50.946897042627533;3.4474005382660988
949;50.947545924265192;3.5187596445811007
950;50.948151555211574;3.5901206664196019
951;50.948713933794203;3.6614834717689813
952;50.949233058460052;3.7328479285968132
953;50.949708927775411;3.8042139048523311
954;50.950141540426017;3.8755812684678967
955;50.950530895217106;3.9469498873604607
956;50.950876991073272;4.0183196294330337
957;50.95117982703858;4.0896903625761505
958;50.951439402276634;4.1610619546693357
959;50.951655716070405;4.2324342735825748
960;50.951828767822427;4.3038071871777772
961;50.951958557054702;4.3751805633102467
962;50.952045083408727;4.4465542698301483
963;50.952088346645496;4.5179281745839797
964;50.952088346645496;4.5893021454160303
965;50.952045083408727;4.6606760501698608
966;50.951958557054702;4.7320497566897632
967;50.951828767822427;4.8034231328222328
968;50.951655716070405;4.8747960464174351
969;50.951439402276634;4.9461683653306734
970;50.95117982703858;5.0175399574238586
971;50.950876991073272;5.0889106905669754
972;50.950530895217106;5.1602804326395484
973;50.950141540426017;5.2316490515321128
974;50.949708927775411;5.3030164151476784
975;50.949233058460052;5.3743823914031967
976;50.948713933794203;5.4457468482310274
977;50.948151555211574;5.5171096535804081
978;50.947545924265192;5.5884706754189093
979;50.946897042627533;5.6598297817339098
980;50.94620491209043;5.7311868405340576
981;50.980685360903486;2.5893996317065602
982;50.981854194590319;2.6607940660449718
983;50.982979765627228;2.7321920080880311
984;50.984062070903967;2.8035933257949512
985;50.985101107429621;2.87499788708744
986;50.986096872332631;2.94640555985116
987;50.98704936286088;3.0178162119371947
988;50.987958576381722;3.0892297111635112
989;50.988824510381946;3.1606459253164227
990;50.989647162467861;3.2320647221520624
991;50.990426530365241;3.3034859693978431
992;50.991162611919506;3.3749095347539289
993;50.991855405095585;3.4463352858947029
994;50.992504907978045;3.5177630904702366
995;50.993111118771019;3.5891928161077598
996;50.993674035798293;3.6606243304131314
997;50.994193657503345;3.7320575009723105
998;50.994669982449267;3.8034921953528298
999;50.995103009318882;3.8749282811052641
1000;50.99549273691467;3.9463656257647082
1001;50.99583916415888;4.0178040968522453
1002;50.996142290093424;4.0892435618764251
1003;50.996402113879967;4.1606838883347335
1004;50.996618634799979;4.2321249437150694
1005;50.996791852254603;4.3035665954972186
1006;50.996921765764768;4.3750087111543303
1007;50.997008374971145;4.4464511581543897
1008;50.997051679634232;4.51789380396169
1009;50.997051679634232;4.589336516038319
1010;50.997008374971145;4.6607791618456202
1011;50.996921765764768;4.7322216088456788
1012;50.996791852254603;4.8036637245027904
1013;50.996618634799979;4.8751053762849406
1014;50.996402113879967;4.9465464316652765
1015;50.996142290093424;5.017986758123584
1016;50.99583916415888;5.0894262231477638
1017;50.99549273691467;5.1608646942353014
1018;50.995103009318882;5.2323020388947459
1019;50.994669982449267;5.3037381246471806
1020;50.994193657503345;5.3751728190276999
1021;50.993674035798293;5.4466059895868781
1022;50.993111118771019;5.5180375038922493
1023;50.992504907978045;5.5894672295297729
1024;50.991855405095585;5.6608950341053061
1025;50.991162611919506;5.7323207852460802
1026;51.025632756835215;2.5875069312093912
1027;51.026802709582086;2.6589700996344496
1028;51.027929358294024;2.7304367859098231
1029;51.029012699853773;2.8019068576134409
1030;51.030052731263723;2.8733801822855454
1031;51.031049449645913;2.9448566274301591
1032;51.032002852242002;3.0163360605165583
1033;51.03291293641346;3.0878183489807438
1034;51.033779699641457;3.1593033602269118
1035;51.034603139526901;3.2307909616289279
1036;51.035383253790499;3.3022810205318027
1037;51.036120040272827;3.3737734042531664
1038;51.036813496934236;3.4452679800847408
1039;51.037463621855004;3.5167646152938219
1040;51.038070413235253;3.5882631771247526
1041;51.038633869395028;3.6597635328004019
1042;51.039153988774238;3.7312655495236418
1043;51.03963076993282;3.8027690944788302
1044;51.040064211550607;3.8742740348332867
1045;51.040454312427435;3.9457802377387718
1046;51.040801071483088;4.0172875703329707
1047;51.041104487757345;4.0887958997409726
1048;51.041364560410024;4.16030509307675
1049;51.041581288720927;4.2318150174446432
1050;51.041754672089851;4.3033255399408379
1051;51.041884710036697;4.3748365276548533
1052;51.041971402201327;4.4463478476710172
1053;51.042014748343661;4.5178593670699518
1054;51.042014748343661;4.5893709529300581
1055;51.041971402201327;4.6608824723289928
1056;51.041884710036697;4.7323937923451567
1057;51.041754672089851;4.8039047800591712
1058;51.041581288720927;4.8754153025553659
1059;51.041364560410024;4.9469252269232591
1060;51.041104487757345;5.0184344202590365
1061;51.040801071483088;5.0899427496670384
1062;51.040454312427435;5.1614500822612372
1063;51.040064211550607;5.2329562851667228
1064;51.03963076993282;5.3044612255211785
1065;51.039153988774238;5.3759647704763669
1066;51.038633869395028;5.4474667871996081
1067;51.038070413235253;5.5189671428752574
1068;51.037463621855004;5.5904657047061876
1069;51.036813496934236;5.6619623399152692
1070;51.036120040272827;5.7334569157468431
1071;51.035383253790499;5.8049492994682064
1072;51.069365425029162;2.514082206377978
1073;51.070579840494553;2.5856105804722227
1074;51.071750913731279;2.6571426153670856
1075;51.072878641495272;2.7286781782970895
1076;51.073963020662305;2.8002171364574089
1077;51.075004048228017;2.8717593570053497
1078;51.076001721307989;2.9433047070618268
1079;51.076956037137762;3.0148530537128364
1080;51.077866993072796;3.0864042640109401
1081;51.078734586588617;3.157958204976743
1082;51.079558815280755;3.2295147436003711
1083;51.080339676864853;3.301073746842957
1084;51.081077169176588;3.3726350816381196
1085;51.08177129017173;3.4441986148934469
1086;51.082422037926271;3.5157642134919787
1087;51.083029410636271;3.5873317442936941
1088;51.083593406618;3.6589010741369945
1089;51.084114024307894;3.7304720698401854
1090;51.084591262262627;3.802044598202972
1091;51.085025119159077;3.873618526007935
1092;51.085415593794387;3.9451937200220231
1093;51.085762685085918;4.0167700469980421
1094;51.086066392071295;4.0883473736761404
1095;51.086326713908406;4.1599255667852946
1096;51.08654364987548;4.2315044930448034
1097;51.08671719937098;4.303084019165774
1098;51.086847361913691;4.3746640118526106
1099;51.086934137142684;4.4462443378045027
1100;51.086977524817328;4.5178248637169185
1101;51.086977524817328;4.5894054562830906
1102;51.086934137142684;4.6609859821955064
1103;51.086847361913691;4.7325663081473994
1104;51.08671719937098;4.8041463008342351
1105;51.08654364987548;4.8757258269552057
1106;51.086326713908406;4.9473047532147154
1107;51.086066392071295;5.0188829463238696
1108;51.085762685085918;5.0904602730019679
1109;51.085415593794387;5.162036599977986
1110;51.085025119159077;5.2336117939920754
1111;51.084591262262627;5.305185721797038
1112;51.084114024307894;5.3767582501598232
1113;51.083593406618;5.4483292458630155
1114;51.083029410636271;5.519898575706315
1115;51.082422037926271;5.5914661065080304
1116;51.08177129017173;5.6630317051065626
1117;51.081077169176588;5.7345952383618899
1118;51.080339676864853;5.8061565731570521
1119;51.115526583850425;2.5837105689276307
1120;51.116698779010228;2.6553116030580246
1121;51.117827587206634;2.7269161754477285
1122;51.118913005308428;2.7985241529076887
1123;51.119955030304453;2.8701354022108005
1124;51.120953659303822;2.9417497900933878
1125;51.121908889535845;3.0133671832566926
1126;51.122820718350084;3.0849874483683579
1127;51.123689143216367;3.1566104520639144
1128;51.124514161724832;3.2282360609482708
1129;51.125295771585996;3.2998641415971965
1130;51.126033970630651;3.3714945605588178
1131;51.126728756809996;3.4431271843551032
1132;51.127380128195661;3.5147618794833559
1133;51.127988082979662;3.5863985124177038
1134;51.128552619474526;3.6580369496105933
1135;51.129073736113149;3.7296770574942828
1136;51.129551431448938;3.8013187024823312
1137;51.129985704155814;3.8729617509710983
1138;51.130376553028221;3.9446060693412335
1139;51.130723976981066;4.0162515239591734
1140;51.13102797504984;4.087897981178636
1141;51.131288546390522;4.1595453073421176
1142;51.131505690279724;4.2311933687823853
1143;51.131679406114543;4.3028420318239746
1144;51.131809693412677;4.3744911627846896
1145;51.13189655181241;4.4461406279770923
1146;51.131939981072556;4.5177902937100054
1147;51.131939981072556;4.5894400262900037
1148;51.13189655181241;4.6610896920229168
1149;51.131809693412677;4.7327391572153195
1150;51.131679406114543;4.8043882881760345
1151;51.131505690279724;4.8760369512176247
1152;51.131288546390522;4.9476850126578915
1153;51.13102797504984;5.0193323388213731
1154;51.130723976981066;5.0909787960408357
1155;51.130376553028221;5.1626242506587765
1156;51.129985704155814;5.2342685690289112
1157;51.129551431448938;5.3059116175176788
1158;51.129073736113149;5.3775532625057272
1159;51.128552619474526;5.4491933703894162
1160;51.127988082979662;5.5208318075823062
1161;51.127380128195661;5.5924684405166536
1162;51.126728756809996;5.6641031356449059
1163;51.126033970630651;5.7357357594411917
1164;51.125295771585996;5.8073661784028134
1165;51.124514161724832;5.8789942590517388
1166;51.161646277364746;2.6534770524830646
1167;51.162776167377281;2.725150767521769
1168;51.163862625744464;2.7968278975087233
1169;51.164905649448407;2.8685083088309269
1170;51.165905235591715;2.9401918678386321
1171;51.166861381397467;3.0118784408468366
1172;51.167774084209228;3.0835678941367801
1173;51.168643341491197;3.1552600939574327
1174;51.169469150828071;3.2269549065269922
1175;51.170251509925151;3.2986521980343815
1176;51.170990416608433;3.3703518346407413
1177;51.171685868824483;3.4420536824809309
1178;51.172337864640561;3.5137576076650237
1179;51.172946402244669;3.5854634762798061
1180;51.173511479945482;3.6571711543902778
1181;51.17403309617238;3.7288805080411516
1182;51.174511249475586;3.8005914032583541
1183;51.174945938525944;3.8723037060505248
1184;51.175337162115191;3.9440172824105195
1185;51.175684919155856;4.0157319983169106
1186;51.175989208681194;4.0874477197354935
1187;51.176250029845363;4.1591643126207831
1188;51.176467381923267;4.2308816429175211
1189;51.176641264310682;4.3025995765621783
1190;51.176771676524211;4.3743179794844584
1191;51.176858618201301;4.4460367176087994
1192;51.176902089100274;4.517755656855881
1193;51.176902089100274;4.5894746631441281
1194;51.176858618201301;4.6611936023912106
1195;51.176771676524211;4.7329123405155515
1196;51.176641264310682;4.8046307434378308
1197;51.176467381923267;4.8763486770824889
1198;51.176250029845363;4.948066007379226
1199;51.175989208681194;5.0197826002645156
1200;51.175684919155856;5.0914983216830985
1201;51.175337162115191;5.1632130375894905
1202;51.174945938525944;5.2349266139494848
1203;51.174511249475586;5.3066389167416554
1204;51.17403309617238;5.3783498119588575
1205;51.173511479945482;5.4500591656097326
1206;51.172946402244669;5.5217668437202043
1207;51.172337864640561;5.5934727123349859
1208;51.171685868824483;5.6651766375190782
1209;51.170990416608433;5.7368784853592683
1210;51.170251509925151;5.8085781219656285
1211;51.169469150828071;5.8802754134730169
1212;51.208811853896343;2.795128360768385
1213;51.209855877588907;2.8668780677596764
1214;51.210856422103646;2.9386309315777486
1215;51.211813484657412;3.0103868181498652
1216;51.212727062587781;3.0821455933693649
1217;51.213597153353213;3.1539071230971629
1218;51.214423754532966;3.2256712731632544
1219;51.215206863827248;3.2974379093682145
1220;51.215946479057024;3.369206897484704
1221;51.216642598164348;3.4409781032589741
1222;51.217295219212112;3.5127513924123699
1223;51.217904340384187;3.5845266306428365
1224;51.21846995998547;3.6563036836264287
1225;51.218992076441786;3.7280824170188125
1226;51.219470688300106;3.7998626964567781
1227;51.219905794228296;3.8716443875597473
1228;51.220297393015365;3.943427355931278
1229;51.220645483571353;4.0152114671605785
1230;51.220950064927372;4.0869965868240152
1231;51.221211136235652;4.1587825804866219
1232;51.221428696769472;4.2305693137036107
1233;51.221602745923242;4.3023566520218814
1234;51.221733283212522;4.3741444609815368
1235;51.221820308273905;4.4459326061173883
1236;51.221863820865167;4.5177209529604676
1237;51.221863820865167;4.5895093670395415
1238;51.221820308273905;4.6612977138826208
1239;51.221733283212522;4.7330858590184723
1240;51.221602745923242;4.8048736679781285
1241;51.221428696769472;4.8766610062963993
1242;51.221211136235652;4.9484477395133881
1243;51.220950064927372;5.0202337331759948
1244;51.220645483571353;5.0920188528394315
1245;51.220297393015365;5.1638029640687311
1246;51.219905794228296;5.2355859324402623
1247;51.219470688300106;5.3073676235432306
1248;51.218992076441786;5.379147902981197
1249;51.21846995998547;5.4509266363735813
1250;51.217904340384187;5.522703689357173
1251;51.217295219212112;5.5944789275876401
1252;51.216642598164348;5.666252216741035
1253;51.255807190745195;2.9370669725571674
1254;51.256765171224089;3.0088923068001061
1255;51.257679625396818;3.0807205380884963
1256;51.258550550716109;3.152551531893697
1257;51.259377944755727;3.2243851536559949
1258;51.260161805210664;3.2962212687861157
1259;51.260902129897133;3.3680597426667358
1260;51.261598916752369;3.4399004406539921
1261;51.262252163834944;3.5117432280789962
1262;51.262861869324709;3.5835879702493458
1263;51.263428031522643;3.6554345324506401
1264;51.263950648851107;3.7272827799479957
1265;51.264429719853695;3.7991325779875571
1266;51.2656056421622;4.0146899275682211
1267;51.265910515723917;4.0865445799117293
1268;51.266171837497744;4.1584001087966929
1269;51.266389606755368;4.2302563793872823
1270;51.266563822889864;4.3021132568393199
1271;51.266694485415591;4.3739706063017918
1272;51.266781593968417;4.445828292918371
1273;51.266825148305529;4.5176861818289327
1274;51.266825148305529;4.5895441381710764
1275;51.266781593968417;4.6614020270816381
1276;51.266694485415591;4.7332597136982182
1277;51.266563822889864;4.8051170631606901
1278;51.266389606755368;4.8769739406127277
1279;51.266171837497744;4.9488302112033171
1280;51.265910515723917;5.0206857400882807
1281;51.2656056421622;5.092540392431788
1282;51.265257217662317;5.1643940334078833
1283;51.264865243195352;5.2362465282019945
1284;51.264429719853695;5.3080977420124533
1285;51.263950648851107;5.3799475400520143
1286;51.263428031522643;5.4517957875493686
1287;51.262861869324709;5.5236423497506637
1288;51.301716412979431;3.0073948983994656
1289;51.302631744521022;3.0792927202856402
1290;51.303503505467106;3.1511933127282075
1291;51.304331693386047;3.223096540776238
1292;51.305116305967594;3.2950022694490957
1293;51.305857341022985;3.3669103637379609
1294;51.307208670407462;3.5107331089966101
1295;51.307818960966394;3.5826474898214951
1296;51.308385666458911;3.6545636959756309
1297;51.311132105541731;4.1580168953997445
1298;51.311350083791694;4.2299428382083688
1299;51.311524467121693;4.3018693896454367
1300;51.311655255045032;4.3737964144673063
1301;51.311742447196707;4.4457237774249911
1302;51.311786043333377;4.5176513432656913
1303;51.311786043333377;4.5895789767343187
1304;51.311742447196707;4.6615065425750188
1305;51.311655255045032;4.7334339055327037
1306;51.311524467121693;4.8053609303545732
1307;51.311350083791694;4.8772874817916412
1308;51.311132105541731;4.9492134246002646
1309;51.310870532980118;5.0211386235436652
1310;51.310565366836812;5.0930629433934564
1311;51.31021660796344;5.1649862489311706
1312;51.30982425733329;5.2369084049497809
1313;51.308385666458911;5.4526666240243795
1314;51.307818960966394;5.5245828301785149
1315;51.34845598946719;3.1498324579523036
1316;51.349284972287379;3.2218054272669541
1317;51.350070337963764;3.2937809044916242
1318;51.350812084302653;3.3657587542244762
1319;51.356310099762908;4.2296286883998642
1320;51.356484650503759;4.301625049065863
1321;51.356615563986225;4.3736218844963686
1322;51.356702839844417;4.445619059048215
1323;51.35674647783452;4.5176164370743965
1324;51.35674647783452;4.5896138829256126
1325;51.356702839844417;4.661611260951795
1326;51.356615563986225;4.7336084355036405
1327;51.356484650503759;4.805605270934147
1328;51.356310099762908;4.8776016316001458
1329;51.356091912251429;4.9495973818638337
1330;51.35583008857899;5.0215923860943121
1331;51.355524629477266;5.0935865086691088
1332;51.355175535799766;5.165579613975722
1333;51.401575384098216;4.3734470154034542
1334;51.401662743770899;4.4455141371967173
1335;51.401706423668344;4.5175814630579394
1336;51.401706423668344;4.5896488569420706
1337;51.401662743770899;4.6617161828032918
1338;51.401575384098216;4.7337833045965558
1339;51.401444344894735;4.805850086279122
1340;51.401269626527153;4.877916391812108
1341;51.401051229484288;4.94998208516202
1342;51.40078915437725;5.022047030302299
1343;51.400483401939354;5.0941110912148622
1344;51.446534687213841;4.3732718061992006
1345;51.446622130809196;4.4454090112768769
1346;51.446665852668133;4.5175464210184444
1347;51.446665852668133;4.5896838989815656
1348;51.446622130809196;4.6618213087231331
1349;51.446534687213841;4.7339585138008085
1350;51.446403522127035;4.8060953777745787
1351;51.446228635916285;4.8782317642083006
1352;51.446010029071573;4.9503675366712514
1353;51.445747702205367;5.0225025587396743
1354;51.445441656052601;5.0946366939983285
1355;51.49158097276613;4.4453036806927573
1356;51.491624736640773;4.5175113107572642
1357;51.491493445139625;4.7341340641096119
1358;51.491362154006751;4.8063411468109862
1359;51.490705703867405;5.0229589739884943
1360;51.490399363620199;5.0951633199986777
